-- ── Businesses ────────────────────────────────────────────────────────────────

INSERT INTO businesses (id, name, address, city, lat, lng, category, gender_target, status, phone, rating_avg, review_count)
VALUES
  ('00000000-0000-0000-0000-000000000001', 'Barber House Elite',
   'Avenue Habib Bourguiba 12', 'Tunis', 36.8190, 10.1658,
   'BARBER', 'MEN', 'ACTIVE', '+216 71 234 567', 4.8, 124),

  ('00000000-0000-0000-0000-000000000002', 'Style House La Marsa',
   'Rue de la Plage 5', 'Tunis', 36.8788, 10.3247,
   'BARBER', 'MEN', 'ACTIVE', '+216 71 345 678', 4.6, 87),

  ('00000000-0000-0000-0000-000000000003', 'Premium Cuts El Menzah',
   'Avenue de la République 30', 'Tunis', 36.8530, 10.1930,
   'BARBER', 'MEN', 'ACTIVE', '+216 71 456 789', 4.5, 63),

  ('00000000-0000-0000-0000-000000000004', 'Salon Prestige Sfax',
   'Avenue Hédi Chaker 8', 'Sfax', 34.7406, 10.7603,
   'BARBER', 'BOTH', 'ACTIVE', '+216 74 123 456', 4.7, 55),

  ('00000000-0000-0000-0000-000000000005', 'Classic Barber Sousse',
   'Rue Habib Bourguiba 22', 'Sousse', 35.8256, 10.6411,
   'BARBER', 'MEN', 'ACTIVE', '+216 73 234 567', 4.4, 41);

-- ── Tags ──────────────────────────────────────────────────────────────────────

INSERT INTO business_tags (business_id, tag) VALUES
  ('00000000-0000-0000-0000-000000000001', 'Premium'),
  ('00000000-0000-0000-0000-000000000001', 'Beard'),
  ('00000000-0000-0000-0000-000000000001', 'Hair Styling'),
  ('00000000-0000-0000-0000-000000000002', 'Fade'),
  ('00000000-0000-0000-0000-000000000002', 'Beard'),
  ('00000000-0000-0000-0000-000000000002', 'Sea View'),
  ('00000000-0000-0000-0000-000000000003', 'Classic'),
  ('00000000-0000-0000-0000-000000000003', 'Skin Fade'),
  ('00000000-0000-0000-0000-000000000004', 'Premium'),
  ('00000000-0000-0000-0000-000000000004', 'Color'),
  ('00000000-0000-0000-0000-000000000005', 'Classic'),
  ('00000000-0000-0000-0000-000000000005', 'Budget');

-- ── Working Hours ─────────────────────────────────────────────────────────────
-- Business 1 – Mon-Sat 09:00-21:00, Sun closed
INSERT INTO working_hours (business_id, day_of_week, open_time, close_time, closed) VALUES
  ('00000000-0000-0000-0000-000000000001', 'MONDAY',    '09:00', '21:00', false),
  ('00000000-0000-0000-0000-000000000001', 'TUESDAY',   '09:00', '21:00', false),
  ('00000000-0000-0000-0000-000000000001', 'WEDNESDAY', '09:00', '21:00', false),
  ('00000000-0000-0000-0000-000000000001', 'THURSDAY',  '09:00', '21:00', false),
  ('00000000-0000-0000-0000-000000000001', 'FRIDAY',    '09:00', '21:00', false),
  ('00000000-0000-0000-0000-000000000001', 'SATURDAY',  '09:00', '21:00', false),
  ('00000000-0000-0000-0000-000000000001', 'SUNDAY',    NULL,    NULL,    true);

-- Business 2 – Mon-Sat 10:00-20:00, Sun closed
INSERT INTO working_hours (business_id, day_of_week, open_time, close_time, closed) VALUES
  ('00000000-0000-0000-0000-000000000002', 'MONDAY',    '10:00', '20:00', false),
  ('00000000-0000-0000-0000-000000000002', 'TUESDAY',   '10:00', '20:00', false),
  ('00000000-0000-0000-0000-000000000002', 'WEDNESDAY', '10:00', '20:00', false),
  ('00000000-0000-0000-0000-000000000002', 'THURSDAY',  '10:00', '20:00', false),
  ('00000000-0000-0000-0000-000000000002', 'FRIDAY',    '10:00', '20:00', false),
  ('00000000-0000-0000-0000-000000000002', 'SATURDAY',  '10:00', '20:00', false),
  ('00000000-0000-0000-0000-000000000002', 'SUNDAY',    NULL,    NULL,    true);

-- Business 3 – Mon-Sat 09:00-20:00, Sun closed
INSERT INTO working_hours (business_id, day_of_week, open_time, close_time, closed) VALUES
  ('00000000-0000-0000-0000-000000000003', 'MONDAY',    '09:00', '20:00', false),
  ('00000000-0000-0000-0000-000000000003', 'TUESDAY',   '09:00', '20:00', false),
  ('00000000-0000-0000-0000-000000000003', 'WEDNESDAY', '09:00', '20:00', false),
  ('00000000-0000-0000-0000-000000000003', 'THURSDAY',  '09:00', '20:00', false),
  ('00000000-0000-0000-0000-000000000003', 'FRIDAY',    '09:00', '20:00', false),
  ('00000000-0000-0000-0000-000000000003', 'SATURDAY',  '09:00', '20:00', false),
  ('00000000-0000-0000-0000-000000000003', 'SUNDAY',    NULL,    NULL,    true);

-- Business 4 – Tue-Sun 09:00-20:00, Mon closed
INSERT INTO working_hours (business_id, day_of_week, open_time, close_time, closed) VALUES
  ('00000000-0000-0000-0000-000000000004', 'MONDAY',    NULL,    NULL,    true),
  ('00000000-0000-0000-0000-000000000004', 'TUESDAY',   '09:00', '20:00', false),
  ('00000000-0000-0000-0000-000000000004', 'WEDNESDAY', '09:00', '20:00', false),
  ('00000000-0000-0000-0000-000000000004', 'THURSDAY',  '09:00', '20:00', false),
  ('00000000-0000-0000-0000-000000000004', 'FRIDAY',    '09:00', '20:00', false),
  ('00000000-0000-0000-0000-000000000004', 'SATURDAY',  '09:00', '21:00', false),
  ('00000000-0000-0000-0000-000000000004', 'SUNDAY',    '10:00', '18:00', false);

-- Business 5 – Mon-Sat 08:30-19:30, Sun closed
INSERT INTO working_hours (business_id, day_of_week, open_time, close_time, closed) VALUES
  ('00000000-0000-0000-0000-000000000005', 'MONDAY',    '08:30', '19:30', false),
  ('00000000-0000-0000-0000-000000000005', 'TUESDAY',   '08:30', '19:30', false),
  ('00000000-0000-0000-0000-000000000005', 'WEDNESDAY', '08:30', '19:30', false),
  ('00000000-0000-0000-0000-000000000005', 'THURSDAY',  '08:30', '19:30', false),
  ('00000000-0000-0000-0000-000000000005', 'FRIDAY',    '08:30', '19:30', false),
  ('00000000-0000-0000-0000-000000000005', 'SATURDAY',  '08:30', '19:30', false),
  ('00000000-0000-0000-0000-000000000005', 'SUNDAY',    NULL,    NULL,    true);

-- ── Service Items ─────────────────────────────────────────────────────────────
INSERT INTO service_items (id, business_id, name, duration_minutes, price, description) VALUES
  ('10000000-0000-0000-0000-000000000001', '00000000-0000-0000-0000-000000000001',
   'Classic Haircut', 30, 15.0, 'Traditional scissors cut with wash & dry'),
  ('10000000-0000-0000-0000-000000000002', '00000000-0000-0000-0000-000000000001',
   'Fade + Line Up', 45, 22.0, 'Skin fade with sharp line up'),
  ('10000000-0000-0000-0000-000000000003', '00000000-0000-0000-0000-000000000001',
   'Beard Trim & Shape', 20, 10.0, 'Full beard sculpt & hot towel finish'),
  ('10000000-0000-0000-0000-000000000004', '00000000-0000-0000-0000-000000000001',
   'Full Package', 60, 30.0, 'Haircut + beard + face mask'),

  ('10000000-0000-0000-0000-000000000005', '00000000-0000-0000-0000-000000000002',
   'Taper Fade', 40, 20.0, 'Mid or high taper fade, any style'),
  ('10000000-0000-0000-0000-000000000006', '00000000-0000-0000-0000-000000000002',
   'Buzz Cut', 20, 12.0, 'Clean all-over buzz cut'),
  ('10000000-0000-0000-0000-000000000007', '00000000-0000-0000-0000-000000000002',
   'Beard Lineup', 15, 8.0, 'Sharp beard edge-up'),

  ('10000000-0000-0000-0000-000000000008', '00000000-0000-0000-0000-000000000003',
   'Classic Cut', 30, 14.0, 'Scissor cut with styling'),
  ('10000000-0000-0000-0000-000000000009', '00000000-0000-0000-0000-000000000003',
   'Skin Fade', 40, 20.0, 'Zero skin fade with design'),
  ('10000000-0000-0000-0000-000000000010', '00000000-0000-0000-0000-000000000003',
   'Kids Cut', 20, 10.0, 'For children under 12'),

  ('10000000-0000-0000-0000-000000000011', '00000000-0000-0000-0000-000000000004',
   'Haircut', 35, 18.0, 'Precision cut any style'),
  ('10000000-0000-0000-0000-000000000012', '00000000-0000-0000-0000-000000000004',
   'Color & Highlights', 90, 55.0, 'Full color or balayage highlights'),
  ('10000000-0000-0000-0000-000000000013', '00000000-0000-0000-0000-000000000004',
   'Beard Grooming', 25, 12.0, 'Beard shape and hot towel'),

  ('10000000-0000-0000-0000-000000000014', '00000000-0000-0000-0000-000000000005',
   'Standard Cut', 25, 10.0, 'Clean haircut, any length'),
  ('10000000-0000-0000-0000-000000000015', '00000000-0000-0000-0000-000000000005',
   'Fade Cut', 35, 15.0, 'Mid fade with scissor top'),
  ('10000000-0000-0000-0000-000000000016', '00000000-0000-0000-0000-000000000005',
   'Shave', 20, 8.0, 'Traditional wet shave');

-- ── Staff ─────────────────────────────────────────────────────────────────────
INSERT INTO staff (id, business_id, name, rating) VALUES
  ('20000000-0000-0000-0000-000000000001', '00000000-0000-0000-0000-000000000001', 'Ahmed Ben Ali',  4.9),
  ('20000000-0000-0000-0000-000000000002', '00000000-0000-0000-0000-000000000001', 'Youssef Trabelsi', 4.7),
  ('20000000-0000-0000-0000-000000000003', '00000000-0000-0000-0000-000000000001', 'Karim Maatoug',  4.8),

  ('20000000-0000-0000-0000-000000000004', '00000000-0000-0000-0000-000000000002', 'Mohamed Saidi',  4.6),
  ('20000000-0000-0000-0000-000000000005', '00000000-0000-0000-0000-000000000002', 'Amine Boujelbene', 4.5),

  ('20000000-0000-0000-0000-000000000006', '00000000-0000-0000-0000-000000000003', 'Sami Khlifi',    4.6),
  ('20000000-0000-0000-0000-000000000007', '00000000-0000-0000-0000-000000000003', 'Riadh Jaziri',   4.4),

  ('20000000-0000-0000-0000-000000000008', '00000000-0000-0000-0000-000000000004', 'Leila Hamdi',    4.8),
  ('20000000-0000-0000-0000-000000000009', '00000000-0000-0000-0000-000000000004', 'Tarek Mansouri', 4.6),

  ('20000000-0000-0000-0000-000000000010', '00000000-0000-0000-0000-000000000005', 'Nabil Gharbi',   4.5);

INSERT INTO staff_specialties (staff_id, specialty) VALUES
  ('20000000-0000-0000-0000-000000000001', 'Fade'),
  ('20000000-0000-0000-0000-000000000001', 'Beard Design'),
  ('20000000-0000-0000-0000-000000000002', 'Classic Cut'),
  ('20000000-0000-0000-0000-000000000002', 'Hair Styling'),
  ('20000000-0000-0000-0000-000000000003', 'Skin Fade'),
  ('20000000-0000-0000-0000-000000000003', 'Line Up'),
  ('20000000-0000-0000-0000-000000000004', 'Taper Fade'),
  ('20000000-0000-0000-0000-000000000005', 'Buzz Cut'),
  ('20000000-0000-0000-0000-000000000006', 'Classic'),
  ('20000000-0000-0000-0000-000000000007', 'Skin Fade'),
  ('20000000-0000-0000-0000-000000000008', 'Color'),
  ('20000000-0000-0000-0000-000000000008', 'Highlights'),
  ('20000000-0000-0000-0000-000000000009', 'Beard Grooming'),
  ('20000000-0000-0000-0000-000000000010', 'Classic Cut');
